confirmedCount,country,curedCount,currentConfirmedCount,deadCount,suspectedCount,updateTime
80567,中国,52144,25407,3016,522,2020-03-05
80424,中国,50010,27430,2984,520,2020-03-04
80303,中国,47434,29921,2948,587,2020-03-03
80175,中国,44845,32415,2915,715,2020-03-02
79972,中国,42162,34937,2873,851,2020-03-01
79394,中国,39308,37248,2838,1418,2020-02-29
78962,中国,36312,39859,2791,2308,2020-02-28
78631,中国,32916,42968,2747,2358,2020-02-27
78195,中国,30078,45399,2718,2491,2020-02-26
77785,中国,27655,47464,2666,2824,2020-02-25
77269,中国,25007,49666,2596,3434,2020-02-24
77048,中国,23183,51420,2445,4148,2020-02-23
76396,中国,21075,52973,2348,5365,2020-02-22
75571,中国,18687,54645,2239,5206,2020-02-21
74680,中国,16721,55837,2122,4922,2020-02-20
74284,中国,14938,57337,2009,5248,2020-02-19
72532,中国,13003,57657,1872,6242,2020-02-18
70644,中国,11278,57594,1772,7264,2020-02-17
68595,中国,9763,57165,1667,8228,2020-02-16
66581,中国,8494,56563,1524,8969,2020-02-15
63950,中国,7092,55476,1382,10109,2020-02-14
59907,中国,6215,52324,1368,13435,2020-02-13
44765,中国,5066,0,1116,16067,2020-02-12
42747,中国,4301,0,1017,21675,2020-02-11
40262,中国,3551,0,909,23589,2020-02-10
37289,中国,2900,0,813,28942,2020-02-09
34673,中国,2375,0,724,27657,2020-02-08
31264,中国,1753,0,637,26359,2020-02-07
28138,中国,1373,0,564,24702,2020-02-06
24434,中国,1018,0,493,23260,2020-02-05
20530,中国,718,0,426,23214,2020-02-04
17341,中国,527,0,361,21558,2020-02-03
14490,中国,434,0,304,19544,2020-02-02
11901,中国,275,0,259,17988,2020-02-01
9811,中国,214,0,213,15238,2020-01-31
8149,中国,135,0,171,12167,2020-01-30
6095,中国,119,0,133,9239,2020-01-29
4630,中国,73,0,106,6973,2020-01-28
2857,中国,56,0,82,5794,2020-01-27
2076,中国,49,0,56,2692,2020-01-26
1408,中国,39,0,42,2032,2020-01-25
897,中国,36,0,26,1076,2020-01-24
1,斯里兰卡,1,0,0,0,2020-03-05
1,斯里兰卡,1,0,0,0,2020-03-03
1,斯里兰卡,1,0,0,0,2020-03-02
1,斯里兰卡,1,0,0,0,2020-03-01
1,斯里兰卡,1,0,0,0,2020-02-29
1,斯里兰卡,1,0,0,0,2020-02-26
1,斯里兰卡,1,0,0,0,2020-02-22
1,斯里兰卡,1,0,0,0,2020-02-21
1,斯里兰卡,1,0,0,0,2020-02-20
1,斯里兰卡,1,0,0,0,2020-02-19
1,斯里兰卡,0,1,0,0,2020-02-16
1,斯里兰卡,0,1,0,0,2020-02-15
1,斯里兰卡,0,1,0,0,2020-02-14
1,斯里兰卡,0,1,0,0,2020-02-13
1,斯里兰卡,0,0,0,0,2020-02-12
1,斯里兰卡,0,0,0,0,2020-02-11
1,斯里兰卡,0,0,0,0,2020-02-10
1,斯里兰卡,0,0,0,0,2020-02-01
1,斯里兰卡,0,0,0,0,2020-01-28
85,英国,8,77,0,0,2020-03-05
51,英国,8,43,0,0,2020-03-04
51,英国,8,43,0,0,2020-03-03
36,英国,8,28,0,0,2020-03-02
35,英国,8,27,0,0,2020-03-01
20,英国,8,12,0,0,2020-02-29
15,英国,8,7,0,0,2020-02-28
15,英国,8,7,0,0,2020-02-27
13,英国,8,5,0,0,2020-02-26
13,英国,8,5,0,0,2020-02-25
13,英国,8,5,0,0,2020-02-24
9,英国,8,1,0,0,2020-02-20
9,英国,8,1,0,0,2020-02-19
9,英国,8,1,0,0,2020-02-18
9,英国,8,1,0,0,2020-02-17
9,英国,8,1,0,0,2020-02-16
9,英国,0,9,0,0,2020-02-15
9,英国,0,9,0,0,2020-02-14
9,英国,0,9,0,0,2020-02-13
8,英国,0,0,0,0,2020-02-12
8,英国,0,0,0,0,2020-02-11
3,英国,0,0,0,0,2020-02-10
3,英国,0,0,0,0,2020-02-08
2,英国,0,0,0,0,2020-02-01
2,英国,0,0,0,0,2020-01-31
1,乌克兰,0,1,0,0,2020-03-05
1,乌克兰,0,1,0,0,2020-03-04
1,乌克兰,0,1,0,0,2020-03-03
23,比利时,1,22,0,0,2020-03-05
13,比利时,1,12,0,0,2020-03-04
13,比利时,1,12,0,0,2020-03-03
2,比利时,1,1,0,0,2020-03-02
2,比利时,1,1,0,0,2020-03-01
1,比利时,1,0,0,0,2020-02-29
1,比利时,1,0,0,0,2020-02-26
1,比利时,1,0,0,0,2020-02-20
1,比利时,1,0,0,0,2020-02-19
1,比利时,1,0,0,0,2020-02-18
1,比利时,1,0,0,0,2020-02-17
1,比利时,0,1,0,0,2020-02-16
1,比利时,0,1,0,0,2020-02-15
1,比利时,0,1,0,0,2020-02-14
1,比利时,0,1,0,0,2020-02-13
1,比利时,0,0,0,0,2020-02-12
1,比利时,0,0,0,0,2020-02-11
1,比利时,0,0,0,0,2020-02-10
1,比利时,0,0,0,0,2020-02-04
1,立陶宛,0,1,0,0,2020-03-05
1,立陶宛,0,1,0,0,2020-03-03
1,立陶宛,0,1,0,0,2020-03-02
1,立陶宛,0,1,0,0,2020-03-01
1,立陶宛,0,1,0,0,2020-02-29
1,立陶宛,0,1,0,0,2020-02-28
3,俄罗斯,2,1,0,0,2020-03-05
2,俄罗斯,2,0,0,0,2020-03-03
2,俄罗斯,2,0,0,0,2020-03-02
2,俄罗斯,2,0,0,0,2020-03-01
2,俄罗斯,2,0,0,0,2020-02-29
2,俄罗斯,2,0,0,0,2020-02-26
2,俄罗斯,2,0,0,0,2020-02-20
2,俄罗斯,2,0,0,0,2020-02-17
2,俄罗斯,2,0,0,0,2020-02-16
2,俄罗斯,2,0,0,0,2020-02-15
2,俄罗斯,2,0,0,0,2020-02-14
2,俄罗斯,0,2,0,0,2020-02-13
2,俄罗斯,0,0,0,0,2020-02-12
2,俄罗斯,0,0,0,0,2020-02-11
2,俄罗斯,0,0,0,0,2020-02-10
2,俄罗斯,0,0,0,0,2020-02-01
2,俄罗斯,0,0,0,0,2020-01-31
1,阿富汗,0,1,0,0,2020-03-05
1,阿富汗,0,1,0,0,2020-03-03
1,阿富汗,0,1,0,0,2020-03-02
1,阿富汗,0,1,0,0,2020-03-01
1,阿富汗,0,1,0,0,2020-02-29
1,阿富汗,0,1,0,0,2020-02-28
1,阿富汗,0,1,0,0,2020-02-27
1,阿富汗,0,1,0,0,2020-02-26
1,阿富汗,0,1,0,0,2020-02-25
1,阿富汗,0,1,0,0,2020-02-24
53,澳大利亚,21,30,2,0,2020-03-05
41,澳大利亚,21,19,1,0,2020-03-04
40,澳大利亚,15,24,1,0,2020-03-03
29,澳大利亚,15,13,1,0,2020-03-02
28,澳大利亚,15,12,1,0,2020-03-01
25,澳大利亚,15,10,0,0,2020-02-29
23,澳大利亚,15,8,0,0,2020-02-28
23,澳大利亚,15,8,0,0,2020-02-27
22,澳大利亚,15,7,0,0,2020-02-26
22,澳大利亚,15,7,0,0,2020-02-25
22,澳大利亚,10,12,0,0,2020-02-24
21,澳大利亚,11,10,0,0,2020-02-23
21,澳大利亚,11,10,0,0,2020-02-22
17,澳大利亚,11,6,0,0,2020-02-21
15,澳大利亚,10,5,0,0,2020-02-20
15,澳大利亚,10,5,0,0,2020-02-19
15,澳大利亚,10,5,0,0,2020-02-18
15,澳大利亚,10,5,0,0,2020-02-17
15,澳大利亚,10,5,0,0,2020-02-16
15,澳大利亚,5,10,0,0,2020-02-15
15,澳大利亚,5,10,0,0,2020-02-14
15,澳大利亚,5,10,0,0,2020-02-13
15,澳大利亚,5,0,0,0,2020-02-12
15,澳大利亚,3,0,0,0,2020-02-11
15,澳大利亚,3,0,0,0,2020-02-10
15,澳大利亚,3,0,0,0,2020-02-08
15,澳大利亚,2,0,0,0,2020-02-07
14,澳大利亚,2,0,0,0,2020-02-06
13,澳大利亚,2,0,0,0,2020-02-04
12,澳大利亚,2,0,0,0,2020-02-02
9,澳大利亚,2,0,0,0,2020-02-01
9,澳大利亚,2,0,0,0,2020-01-31
8,澳大利亚,2,0,0,0,2020-01-30
7,澳大利亚,0,0,0,0,2020-01-29
5,澳大利亚,0,0,0,0,2020-01-27
3,新西兰,0,3,0,0,2020-03-05
2,新西兰,0,2,0,0,2020-03-04
1,新西兰,0,1,0,0,2020-03-03
1,新西兰,0,1,0,0,2020-03-02
1,新西兰,0,1,0,0,2020-03-01
1,新西兰,0,1,0,0,2020-02-29
1,新西兰,0,1,0,0,2020-02-28
1,摩洛哥,0,1,0,0,2020-03-05
1,摩洛哥,0,1,0,0,2020-03-04
1,摩洛哥,0,1,0,0,2020-03-03
2,沙特阿拉伯,0,2,0,0,2020-03-05
1,沙特阿拉伯,0,1,0,0,2020-03-04
1,沙特阿拉伯,0,1,0,0,2020-03-03
3,格鲁吉亚,0,3,0,0,2020-03-05
3,格鲁吉亚,0,3,0,0,2020-03-04
3,格鲁吉亚,0,3,0,0,2020-03-03
3,格鲁吉亚,0,3,0,0,2020-03-02
3,格鲁吉亚,0,3,0,0,2020-03-01
2,格鲁吉亚,0,2,0,0,2020-02-29
1,格鲁吉亚,0,1,0,0,2020-02-28
1,格鲁吉亚,0,1,0,0,2020-02-27
33,加拿大,4,29,0,0,2020-03-05
30,加拿大,4,26,0,0,2020-03-04
24,加拿大,4,20,0,0,2020-03-03
24,加拿大,4,20,0,0,2020-03-02
20,加拿大,4,16,0,0,2020-03-01
16,加拿大,4,12,0,0,2020-02-29
14,加拿大,4,10,0,0,2020-02-28
12,加拿大,4,8,0,0,2020-02-27
11,加拿大,4,7,0,0,2020-02-26
11,加拿大,4,7,0,0,2020-02-25
10,加拿大,3,7,0,0,2020-02-24
8,加拿大,2,6,0,0,2020-02-20
8,加拿大,2,6,0,0,2020-02-17
8,加拿大,2,6,0,0,2020-02-16
8,加拿大,2,6,0,0,2020-02-15
7,加拿大,2,5,0,0,2020-02-14
7,加拿大,2,5,0,0,2020-02-13
7,加拿大,0,0,0,0,2020-02-12
7,加拿大,0,0,0,0,2020-02-11
7,加拿大,0,0,0,0,2020-02-10
7,加拿大,0,0,0,0,2020-02-09
5,加拿大,0,0,0,0,2020-02-05
4,加拿大,0,0,0,0,2020-02-01
3,加拿大,0,0,0,0,2020-01-29
1,加拿大,0,0,0,0,2020-01-27
49,巴林,0,49,0,0,2020-03-05
49,巴林,0,49,0,0,2020-03-04
47,巴林,0,47,0,0,2020-03-03
47,巴林,0,47,0,0,2020-03-02
41,巴林,0,41,0,0,2020-03-01
38,巴林,0,38,0,0,2020-02-29
33,巴林,0,33,0,0,2020-02-28
33,巴林,0,33,0,0,2020-02-27
26,巴林,0,26,0,0,2020-02-26
8,巴林,0,8,0,0,2020-02-25
1,巴林,0,1,0,0,2020-02-24
193,西班牙,2,190,1,0,2020-03-05
165,西班牙,2,162,1,0,2020-03-04
150,西班牙,2,148,0,0,2020-03-03
84,西班牙,2,82,0,0,2020-03-02
58,西班牙,2,56,0,0,2020-03-01
41,西班牙,2,39,0,0,2020-02-29
25,西班牙,2,23,0,0,2020-02-28
13,西班牙,2,11,0,0,2020-02-27
7,西班牙,2,5,0,0,2020-02-26
3,西班牙,2,1,0,0,2020-02-25
2,西班牙,2,0,0,0,2020-02-22
2,西班牙,2,0,0,0,2020-02-21
2,西班牙,2,0,0,0,2020-02-20
2,西班牙,2,0,0,0,2020-02-19
2,西班牙,0,2,0,0,2020-02-16
2,西班牙,0,2,0,0,2020-02-15
2,西班牙,0,2,0,0,2020-02-14
2,西班牙,0,2,0,0,2020-02-13
2,西班牙,0,0,0,0,2020-02-12
2,西班牙,0,0,0,0,2020-02-11
2,西班牙,0,0,0,0,2020-02-10
7,西班牙,0,0,0,0,2020-02-01
6,白俄罗斯,0,6,0,0,2020-03-05
4,白俄罗斯,0,4,0,0,2020-03-04
3,白俄罗斯,0,3,0,0,2020-03-03
1,白俄罗斯,0,1,0,0,2020-03-02
1,白俄罗斯,0,1,0,0,2020-03-01
1,白俄罗斯,0,1,0,0,2020-02-29
1,白俄罗斯,0,1,0,0,2020-02-28
32,伊拉克,0,30,2,0,2020-03-05
32,伊拉克,0,31,1,0,2020-03-04
19,伊拉克,0,19,0,0,2020-03-03
19,伊拉克,0,19,0,0,2020-03-02
13,伊拉克,0,13,0,0,2020-03-01
8,伊拉克,0,8,0,0,2020-02-29
7,伊拉克,0,7,0,0,2020-02-28
6,伊拉克,0,6,0,0,2020-02-27
1,伊拉克,0,1,0,0,2020-02-26
1,伊拉克,0,1,0,0,2020-02-25
1,伊拉克,0,1,0,0,2020-02-24
1,伊拉克,0,1,0,0,2020-02-23
50,马来西亚,22,28,0,0,2020-03-05
50,马来西亚,22,28,0,0,2020-03-04
36,马来西亚,22,14,0,0,2020-03-03
29,马来西亚,18,11,0,0,2020-03-02
29,马来西亚,18,11,0,0,2020-03-01
25,马来西亚,18,7,0,0,2020-02-29
23,马来西亚,18,5,0,0,2020-02-28
23,马来西亚,18,5,0,0,2020-02-27
22,马来西亚,18,4,0,0,2020-02-26
22,马来西亚,18,4,0,0,2020-02-25
22,马来西亚,18,4,0,0,2020-02-24
22,马来西亚,15,7,0,0,2020-02-22
22,马来西亚,15,7,0,0,2020-02-21
22,马来西亚,15,7,0,0,2020-02-20
22,马来西亚,15,7,0,0,2020-02-19
22,马来西亚,7,15,0,0,2020-02-18
22,马来西亚,7,15,0,0,2020-02-17
22,马来西亚,7,15,0,0,2020-02-16
19,马来西亚,3,16,0,0,2020-02-15
19,马来西亚,3,16,0,0,2020-02-14
19,马来西亚,3,16,0,0,2020-02-13
18,马来西亚,3,0,0,0,2020-02-12
18,马来西亚,3,0,0,0,2020-02-11
18,马来西亚,1,0,0,0,2020-02-10
16,马来西亚,1,0,0,0,2020-02-08
12,马来西亚,1,0,0,0,2020-02-07
12,马来西亚,0,0,0,0,2020-02-05
10,马来西亚,0,0,0,0,2020-02-04
8,马来西亚,0,0,0,0,2020-02-01
8,马来西亚,0,0,0,0,2020-01-30
7,马来西亚,0,0,0,0,2020-01-29
3,马来西亚,0,0,0,0,2020-01-27
10,厄瓜多尔,0,10,0,0,2020-03-05
7,厄瓜多尔,0,7,0,0,2020-03-04
6,厄瓜多尔,0,6,0,0,2020-03-03
6,厄瓜多尔,0,6,0,0,2020-03-02
1,厄瓜多尔,0,1,0,0,2020-03-01
15,丹麦,0,15,0,0,2020-03-05
10,丹麦,0,10,0,0,2020-03-04
6,丹麦,0,6,0,0,2020-03-03
3,丹麦,0,3,0,0,2020-03-02
3,丹麦,0,3,0,0,2020-03-01
3,丹麦,0,3,0,0,2020-02-29
1,丹麦,0,1,0,0,2020-02-28
1,丹麦,0,1,0,0,2020-02-27
5,捷克,0,5,0,0,2020-03-05
5,捷克,0,5,0,0,2020-03-04
5,捷克,0,5,0,0,2020-03-03
3,捷克,0,3,0,0,2020-03-02
5,葡萄牙,0,5,0,0,2020-03-05
2,葡萄牙,0,2,0,0,2020-03-04
2,葡萄牙,0,2,0,0,2020-03-03
1,阿根廷,0,1,0,0,2020-03-05
1,阿根廷,0,1,0,0,2020-03-04
26,冰岛,0,26,0,0,2020-03-05
14,冰岛,0,14,0,0,2020-03-04
9,冰岛,0,9,0,0,2020-03-03
1,冰岛,0,1,0,0,2020-03-02
1,冰岛,0,1,0,0,2020-03-01
1,冰岛,0,1,0,0,2020-02-29
1,拉脱维亚,0,1,0,0,2020-03-05
1,拉脱维亚,0,1,0,0,2020-03-04
1,柬埔寨,1,0,0,0,2020-03-05
1,柬埔寨,1,0,0,0,2020-03-03
1,柬埔寨,1,0,0,0,2020-03-02
1,柬埔寨,1,0,0,0,2020-03-01
1,柬埔寨,1,0,0,0,2020-02-29
1,柬埔寨,1,0,0,0,2020-02-26
1,柬埔寨,1,0,0,0,2020-02-16
1,柬埔寨,1,0,0,0,2020-02-15
1,柬埔寨,1,0,0,0,2020-02-14
1,柬埔寨,1,0,0,0,2020-02-13
1,柬埔寨,1,0,0,0,2020-02-12
1,柬埔寨,0,0,0,0,2020-02-11
1,柬埔寨,0,0,0,0,2020-02-10
1,柬埔寨,0,0,0,0,2020-02-01
1,柬埔寨,0,0,0,0,2020-01-27
1,安道尔,0,1,0,0,2020-03-05
1,安道尔,0,1,0,0,2020-03-04
1,安道尔,0,1,0,0,2020-03-03
1,安道尔,0,1,0,0,2020-03-02
1,尼日利亚,0,1,0,0,2020-03-05
1,尼日利亚,0,1,0,0,2020-03-03
1,尼日利亚,0,1,0,0,2020-03-02
1,尼日利亚,0,1,0,0,2020-03-01
1,尼日利亚,0,1,0,0,2020-02-29
1,尼日利亚,0,1,0,0,2020-02-28
9,希腊,0,9,0,0,2020-03-05
7,希腊,0,7,0,0,2020-03-04
7,希腊,0,7,0,0,2020-03-03
7,希腊,0,7,0,0,2020-03-02
7,希腊,0,7,0,0,2020-03-01
4,希腊,0,4,0,0,2020-02-29
4,希腊,0,4,0,0,2020-02-28
3,希腊,0,3,0,0,2020-02-27
1,希腊,0,1,0,0,2020-02-26
3089,意大利,276,2706,107,0,2020-03-05
2502,意大利,160,2263,79,0,2020-03-04
2036,意大利,149,1835,52,0,2020-03-03
1694,意大利,83,1577,34,0,2020-03-02
1128,意大利,50,1049,29,0,2020-03-01
888,意大利,46,821,21,0,2020-02-29
653,意大利,45,591,17,0,2020-02-28
528,意大利,40,474,14,0,2020-02-27
374,意大利,1,361,12,0,2020-02-26
283,意大利,1,275,7,0,2020-02-25
230,意大利,2,222,6,0,2020-02-24
117,意大利,1,114,2,0,2020-02-23
20,意大利,0,18,2,0,2020-02-22
3,意大利,0,3,0,0,2020-02-16
3,意大利,0,3,0,0,2020-02-15
3,意大利,0,3,0,0,2020-02-14
3,意大利,0,3,0,0,2020-02-13
3,意大利,0,0,0,0,2020-02-12
3,意大利,0,0,0,0,2020-02-11
3,意大利,0,0,0,0,2020-02-10
3,意大利,0,0,0,0,2020-02-08
2,意大利,0,0,0,0,2020-02-01
2,意大利,0,0,0,0,2020-01-31
28,阿联酋,5,23,0,0,2020-03-05
27,阿联酋,5,22,0,0,2020-03-04
21,阿联酋,5,16,0,0,2020-03-03
21,阿联酋,5,16,0,0,2020-03-02
21,阿联酋,5,16,0,0,2020-03-01
21,阿联酋,5,16,0,0,2020-02-29
19,阿联酋,5,14,0,0,2020-02-28
13,阿联酋,4,9,0,0,2020-02-26
13,阿联酋,4,9,0,0,2020-02-25
13,阿联酋,4,9,0,0,2020-02-24
13,阿联酋,4,9,0,0,2020-02-23
13,阿联酋,4,9,0,0,2020-02-22
9,阿联酋,4,5,0,0,2020-02-20
9,阿联酋,4,5,0,0,2020-02-19
9,阿联酋,4,5,0,0,2020-02-18
9,阿联酋,4,5,0,0,2020-02-17
8,阿联酋,4,4,0,0,2020-02-16
8,阿联酋,3,5,0,0,2020-02-15
8,阿联酋,1,7,0,0,2020-02-14
8,阿联酋,1,7,0,0,2020-02-13
8,阿联酋,1,0,0,0,2020-02-12
8,阿联酋,0,0,0,0,2020-02-11
7,阿联酋,0,0,0,0,2020-02-10
7,阿联酋,0,0,0,0,2020-02-08
5,阿联酋,0,0,0,0,2020-02-02
4,阿联酋,0,0,0,0,2020-02-01
4,阿联酋,0,0,0,0,2020-01-30
1,阿联酋,0,0,0,0,2020-01-29
1,波兰,0,1,0,0,2020-03-05
1,波兰,0,1,0,0,2020-03-04
29,印度,3,26,0,0,2020-03-05
15,印度,3,12,0,0,2020-03-04
6,印度,3,3,0,0,2020-03-03
3,印度,3,0,0,0,2020-03-02
3,印度,3,0,0,0,2020-03-01
3,印度,3,0,0,0,2020-02-29
3,印度,3,0,0,0,2020-02-26
3,印度,3,0,0,0,2020-02-20
3,印度,3,0,0,0,2020-02-19
3,印度,3,0,0,0,2020-02-18
3,印度,3,0,0,0,2020-02-17
3,印度,3,0,0,0,2020-02-16
3,印度,0,3,0,0,2020-02-15
3,印度,0,3,0,0,2020-02-14
3,印度,0,3,0,0,2020-02-13
3,印度,0,0,0,0,2020-02-12
3,印度,0,0,0,0,2020-02-11
3,印度,0,0,0,0,2020-02-10
3,印度,0,0,0,0,2020-02-04
2,印度,0,0,0,0,2020-02-02
1,印度,0,0,0,0,2020-02-01
1,印度,0,0,0,0,2020-01-30
7,卡塔尔,0,7,0,0,2020-03-05
7,卡塔尔,0,7,0,0,2020-03-04
7,卡塔尔,0,7,0,0,2020-03-03
1,卡塔尔,0,1,0,0,2020-03-02
1,卡塔尔,0,1,0,0,2020-03-01
52,瑞典,0,52,0,0,2020-03-05
30,瑞典,0,30,0,0,2020-03-04
19,瑞典,0,19,0,0,2020-03-03
13,瑞典,0,13,0,0,2020-03-02
13,瑞典,0,13,0,0,2020-03-01
12,瑞典,0,12,0,0,2020-02-29
7,瑞典,0,7,0,0,2020-02-28
2,瑞典,0,2,0,0,2020-02-27
1,瑞典,0,1,0,0,2020-02-26
1,瑞典,0,1,0,0,2020-02-16
1,瑞典,0,1,0,0,2020-02-15
1,瑞典,0,1,0,0,2020-02-14
1,瑞典,0,1,0,0,2020-02-13
1,瑞典,0,0,0,0,2020-02-12
1,瑞典,0,0,0,0,2020-02-11
1,瑞典,0,0,0,0,2020-02-10
1,瑞典,0,0,0,0,2020-02-01
6,罗马尼亚,1,5,0,0,2020-03-05
4,罗马尼亚,1,3,0,0,2020-03-04
3,罗马尼亚,0,3,0,0,2020-03-03
3,罗马尼亚,0,3,0,0,2020-03-02
3,罗马尼亚,0,3,0,0,2020-03-01
3,罗马尼亚,0,3,0,0,2020-02-29
1,罗马尼亚,0,1,0,0,2020-02-28
1,罗马尼亚,0,1,0,0,2020-02-27
4,塞内加尔,0,4,0,0,2020-03-05
1,塞内加尔,0,1,0,0,2020-03-04
1,塞内加尔,0,1,0,0,2020-03-03
112,新加坡,79,33,0,0,2020-03-05
110,新加坡,74,36,0,0,2020-03-04
110,新加坡,74,36,0,0,2020-03-03
106,新加坡,74,32,0,0,2020-03-02
102,新加坡,72,30,0,0,2020-03-01
98,新加坡,69,29,0,0,2020-02-29
93,新加坡,62,31,0,0,2020-02-28
93,新加坡,62,31,0,0,2020-02-27
93,新加坡,62,31,0,0,2020-02-26
90,新加坡,53,37,0,0,2020-02-25
89,新加坡,51,38,0,0,2020-02-24
89,新加坡,51,38,0,0,2020-02-23
85,新加坡,37,48,0,0,2020-02-22
85,新加坡,37,48,0,0,2020-02-21
84,新加坡,34,50,0,0,2020-02-20
84,新加坡,34,50,0,0,2020-02-19
77,新加坡,24,53,0,0,2020-02-18
77,新加坡,24,53,0,0,2020-02-17
72,新加坡,18,54,0,0,2020-02-16
72,新加坡,17,55,0,0,2020-02-15
67,新加坡,17,50,0,0,2020-02-14
58,新加坡,15,43,0,0,2020-02-13
47,新加坡,9,0,0,0,2020-02-12
45,新加坡,7,0,0,0,2020-02-11
43,新加坡,2,0,0,0,2020-02-10
40,新加坡,2,0,0,0,2020-02-09
33,新加坡,2,0,0,0,2020-02-08
30,新加坡,0,0,0,0,2020-02-07
28,新加坡,0,0,0,0,2020-02-06
24,新加坡,0,0,0,0,2020-02-04
18,新加坡,0,0,0,0,2020-02-02
16,新加坡,0,0,0,0,2020-02-01
13,新加坡,0,0,0,0,2020-01-31
10,新加坡,0,0,0,0,2020-01-29
5,新加坡,0,0,0,0,2020-01-28
4,新加坡,0,0,0,0,2020-01-27
24,荷兰,0,24,0,0,2020-03-05
24,荷兰,0,24,0,0,2020-03-04
24,荷兰,0,24,0,0,2020-03-03
10,荷兰,0,10,0,0,2020-03-02
7,荷兰,0,7,0,0,2020-03-01
2,荷兰,0,2,0,0,2020-02-29
1,荷兰,0,1,0,0,2020-02-28
47,泰国,31,15,1,0,2020-03-05
43,泰国,31,11,1,0,2020-03-04
43,泰国,31,11,1,0,2020-03-03
43,泰国,31,11,1,0,2020-03-02
42,泰国,28,13,1,0,2020-03-01
42,泰国,28,14,0,0,2020-02-29
41,泰国,28,13,0,0,2020-02-28
40,泰国,22,18,0,0,2020-02-27
40,泰国,22,18,0,0,2020-02-26
37,泰国,22,15,0,0,2020-02-25
35,泰国,21,14,0,0,2020-02-24
35,泰国,21,14,0,0,2020-02-23
35,泰国,17,18,0,0,2020-02-22
35,泰国,17,18,0,0,2020-02-21
35,泰国,15,20,0,0,2020-02-20
35,泰国,15,20,0,0,2020-02-19
35,泰国,15,20,0,0,2020-02-18
35,泰国,14,21,0,0,2020-02-17
34,泰国,14,20,0,0,2020-02-16
33,泰国,13,20,0,0,2020-02-15
33,泰国,10,23,0,0,2020-02-14
33,泰国,10,23,0,0,2020-02-13
33,泰国,10,0,0,0,2020-02-12
32,泰国,10,0,0,0,2020-02-11
32,泰国,10,0,0,0,2020-02-10
32,泰国,10,0,0,0,2020-02-08
25,泰国,5,0,0,0,2020-02-04
19,泰国,5,0,0,0,2020-02-01
19,泰国,5,0,0,0,2020-01-31
14,泰国,5,0,0,0,2020-01-28
7,泰国,2,0,0,0,2020-01-27
2,印度尼西亚,0,2,0,0,2020-03-05
2,印度尼西亚,0,2,0,0,2020-03-04
2,印度尼西亚,0,2,0,0,2020-03-03
2,印度尼西亚,0,2,0,0,2020-03-02
2,埃及,1,1,0,0,2020-03-05
2,埃及,1,1,0,0,2020-03-04
2,埃及,1,1,0,0,2020-03-03
2,埃及,1,1,0,0,2020-03-02
1,埃及,1,0,0,0,2020-03-01
1,埃及,1,0,0,0,2020-02-29
1,埃及,1,0,0,0,2020-02-28
1,埃及,0,1,0,0,2020-02-26
1,埃及,0,1,0,0,2020-02-20
1,埃及,0,1,0,0,2020-02-17
1,埃及,0,1,0,0,2020-02-16
1,埃及,0,1,0,0,2020-02-15
257,法国,12,241,4,0,2020-03-05
212,法国,12,196,4,0,2020-03-04
130,法国,12,116,2,0,2020-03-03
130,法国,12,116,2,0,2020-03-02
100,法国,12,86,2,0,2020-03-01
57,法国,11,44,2,0,2020-02-29
38,法国,11,25,2,0,2020-02-28
18,法国,11,5,2,0,2020-02-27
17,法国,11,4,2,0,2020-02-26
12,法国,11,0,1,0,2020-02-25
12,法国,4,7,1,0,2020-02-20
12,法国,4,7,1,0,2020-02-19
12,法国,4,7,1,0,2020-02-18
12,法国,4,7,1,0,2020-02-17
12,法国,4,7,1,0,2020-02-16
11,法国,0,10,1,0,2020-02-15
11,法国,0,11,0,0,2020-02-14
11,法国,0,11,0,0,2020-02-13
11,法国,0,0,0,0,2020-02-12
11,法国,0,0,0,0,2020-02-11
11,法国,0,0,0,0,2020-02-10
11,法国,0,0,0,0,2020-02-08
6,法国,0,0,0,0,2020-02-01
5,法国,0,0,0,0,2020-01-30
4,法国,0,0,0,0,2020-01-29
3,法国,0,0,0,0,2020-01-27
66,瑞士,2,64,0,0,2020-03-05
58,瑞士,2,56,0,0,2020-03-04
46,瑞士,2,44,0,0,2020-03-03
27,瑞士,0,27,0,0,2020-03-02
24,瑞士,0,24,0,0,2020-03-01
15,瑞士,0,15,0,0,2020-02-29
8,瑞士,0,8,0,0,2020-02-28
4,瑞士,0,4,0,0,2020-02-27
1,瑞士,0,1,0,0,2020-02-26
168,海南省,158,4,6,0,2020-03-05
168,海南省,158,5,5,0,2020-03-04
168,海南省,152,11,5,0,2020-03-03
168,海南省,149,14,5,0,2020-03-01
168,海南省,147,16,5,0,2020-02-29
168,海南省,133,30,5,0,2020-02-28
168,海南省,131,32,5,0,2020-02-27
168,海南省,129,34,5,0,2020-02-26
168,海南省,124,39,5,0,2020-02-25
168,海南省,116,47,5,0,2020-02-24
168,海南省,106,58,4,0,2020-02-23
168,海南省,104,60,4,0,2020-02-22
168,海南省,95,69,4,0,2020-02-21
168,海南省,86,78,4,0,2020-02-20
163,海南省,84,75,4,0,2020-02-19
163,海南省,79,80,4,0,2020-02-18
163,海南省,59,100,4,0,2020-02-17
162,海南省,52,106,4,0,2020-02-16
162,海南省,39,119,4,0,2020-02-15
159,海南省,43,112,4,0,2020-02-14
157,海南省,30,123,4,0,2020-02-13
157,海南省,27,0,3,0,2020-02-12
144,海南省,20,0,3,0,2020-02-11
138,海南省,19,0,3,0,2020-02-10
131,海南省,19,0,3,0,2020-02-09
124,海南省,14,0,2,0,2020-02-08
117,海南省,10,0,2,0,2020-02-07
106,海南省,8,0,1,0,2020-02-06
91,海南省,5,0,1,0,2020-02-05
80,海南省,5,0,1,0,2020-02-04
72,海南省,4,0,1,0,2020-02-03
64,海南省,4,0,1,0,2020-02-02
62,海南省,1,0,1,0,2020-02-01
52,海南省,1,0,1,0,2020-01-31
46,海南省,1,0,1,0,2020-01-30
43,海南省,0,0,1,0,2020-01-29
40,海南省,0,0,1,0,2020-01-28
33,海南省,0,0,1,0,2020-01-27
22,海南省,0,0,0,0,2020-01-26
19,海南省,0,0,0,0,2020-01-25
8,海南省,0,0,0,0,2020-01-24
5,海南省,0,0,0,32,2020-01-23
4,海南省,0,0,0,0,2020-01-22
706,钻石公主号邮轮,0,700,6,0,2020-03-05
706,钻石公主号邮轮,0,700,6,0,2020-03-04
706,钻石公主号邮轮,0,700,6,0,2020-03-03
706,钻石公主号邮轮,0,700,6,0,2020-03-02
705,钻石公主号邮轮,0,699,6,0,2020-03-01
705,钻石公主号邮轮,0,699,6,0,2020-02-29
705,钻石公主号邮轮,0,700,5,0,2020-02-28
705,钻石公主号邮轮,0,701,4,0,2020-02-27
705,钻石公主号邮轮,0,701,4,0,2020-02-26
691,钻石公主号邮轮,0,688,3,0,2020-02-25
691,钻石公主号邮轮,0,688,3,0,2020-02-24
691,钻石公主号邮轮,0,688,3,0,2020-02-23
634,钻石公主号邮轮,0,632,2,0,2020-02-22
634,钻石公主号邮轮,0,632,2,0,2020-02-21
634,钻石公主号邮轮,0,632,2,0,2020-02-20
621,钻石公主号邮轮,0,621,0,0,2020-02-19
542,钻石公主号邮轮,0,542,0,0,2020-02-18
454,钻石公主号邮轮,0,454,0,0,2020-02-17
355,钻石公主号邮轮,0,355,0,0,2020-02-16
20,大不列颠及北爱尔兰联合王国,8,12,0,0,2020-02-29
5766,韩国,41,5689,36,0,2020-03-05
5621,韩国,41,5547,33,0,2020-03-04
5186,韩国,30,5125,31,0,2020-03-03
4335,韩国,30,4283,22,0,2020-03-02
3526,韩国,30,3479,17,0,2020-03-01
3150,韩国,27,3107,16,0,2020-02-29
2337,韩国,22,2302,13,0,2020-02-28
1766,韩国,22,1731,13,0,2020-02-27
1261,韩国,22,1227,12,0,2020-02-26
977,韩国,22,945,10,0,2020-02-25
833,韩国,18,807,8,0,2020-02-24
602,韩国,16,580,6,0,2020-02-23
433,韩国,16,415,2,0,2020-02-22
204,韩国,16,186,2,0,2020-02-21
104,韩国,16,87,1,0,2020-02-20
51,韩国,16,35,0,0,2020-02-19
30,韩国,12,18,0,0,2020-02-18
30,韩国,9,21,0,0,2020-02-17
29,韩国,9,20,0,0,2020-02-16
28,韩国,7,21,0,0,2020-02-15
28,韩国,7,21,0,0,2020-02-14
28,韩国,7,21,0,0,2020-02-13
28,韩国,4,0,0,0,2020-02-12
28,韩国,3,0,0,0,2020-02-11
27,韩国,3,0,0,0,2020-02-10
25,韩国,3,0,0,0,2020-02-09
24,韩国,1,0,0,0,2020-02-07
23,韩国,0,0,0,0,2020-02-06
19,韩国,0,0,0,0,2020-02-05
16,韩国,0,0,0,0,2020-02-04
15,韩国,0,0,0,0,2020-02-02
12,韩国,0,0,0,0,2020-02-01
11,韩国,0,0,0,0,2020-01-31
4,韩国,0,0,0,0,2020-01-27
1,摩纳哥,0,1,0,0,2020-03-05
1,摩纳哥,0,1,0,0,2020-03-03
1,摩纳哥,0,1,0,0,2020-03-02
1,摩纳哥,0,1,0,0,2020-03-01
1,摩纳哥,0,1,0,0,2020-02-29
15,阿曼,2,13,0,0,2020-03-05
12,阿曼,2,10,0,0,2020-03-04
12,阿曼,2,10,0,0,2020-03-03
6,阿曼,1,5,0,0,2020-03-02
6,阿曼,1,5,0,0,2020-03-01
6,阿曼,1,5,0,0,2020-02-29
6,阿曼,0,6,0,0,2020-02-28
4,阿曼,0,4,0,0,2020-02-27
2,阿曼,0,2,0,0,2020-02-26
2,阿曼,0,2,0,0,2020-02-25
5,巴基斯坦,0,5,0,0,2020-03-05
5,巴基斯坦,0,5,0,0,2020-03-04
5,巴基斯坦,0,5,0,0,2020-03-03
4,巴基斯坦,0,4,0,0,2020-03-02
3,巴基斯坦,0,3,0,0,2020-03-01
2,巴基斯坦,0,2,0,0,2020-02-29
2,巴基斯坦,0,2,0,0,2020-02-28
2,巴基斯坦,0,2,0,0,2020-02-27
1,卢森堡,0,1,0,0,2020-03-05
1,卢森堡,0,1,0,0,2020-03-03
1,卢森堡,0,1,0,0,2020-03-02
1,卢森堡,0,1,0,0,2020-03-01
1,北爱尔兰,0,1,0,0,2020-02-28
10,圣马力诺,0,10,0,0,2020-03-05
1,圣马力诺,0,1,0,0,2020-03-03
1,圣马力诺,0,1,0,0,2020-03-02
1,圣马力诺,0,1,0,0,2020-03-01
6,墨西哥,1,5,0,0,2020-03-05
5,墨西哥,1,4,0,0,2020-03-04
5,墨西哥,1,4,0,0,2020-03-03
5,墨西哥,0,5,0,0,2020-03-02
4,墨西哥,0,4,0,0,2020-03-01
3,墨西哥,0,3,0,0,2020-02-29
10,克罗地亚,0,10,0,0,2020-03-05
9,克罗地亚,0,9,0,0,2020-03-04
9,克罗地亚,0,9,0,0,2020-03-03
7,克罗地亚,0,7,0,0,2020-03-02
7,克罗地亚,0,7,0,0,2020-03-01
5,克罗地亚,0,5,0,0,2020-02-29
3,克罗地亚,0,3,0,0,2020-02-28
3,克罗地亚,0,3,0,0,2020-02-27
1,克罗地亚,0,1,0,0,2020-02-26
1,克罗地亚,0,1,0,0,2020-02-25
1,列支敦士登,0,1,0,0,2020-03-05
1,列支敦士登,0,1,0,0,2020-03-04
1,北马其顿,0,1,0,0,2020-03-05
1,北马其顿,0,1,0,0,2020-03-03
1,北马其顿,0,1,0,0,2020-03-02
1,北马其顿,0,1,0,0,2020-03-01
1,北马其顿,0,1,0,0,2020-02-29
1,北马其顿,0,1,0,0,2020-02-28
1,北马其顿,0,1,0,0,2020-02-27
2,爱尔兰,0,2,0,0,2020-03-05
2,爱尔兰,0,2,0,0,2020-03-04
1,爱尔兰,0,1,0,0,2020-03-03
1,爱尔兰,0,1,0,0,2020-03-02
1,爱尔兰,0,1,0,0,2020-03-01
1,爱沙尼亚,0,1,0,0,2020-03-05
1,爱沙尼亚,0,1,0,0,2020-03-03
1,爱沙尼亚,0,1,0,0,2020-03-02
1,爱沙尼亚,0,1,0,0,2020-03-01
1,爱沙尼亚,0,1,0,0,2020-02-29
1,爱沙尼亚,0,1,0,0,2020-02-28
1,爱沙尼亚,0,1,0,0,2020-02-27
2922,伊朗,552,2278,92,0,2020-03-05
2922,伊朗,552,2278,92,0,2020-03-04
2336,伊朗,435,1824,77,0,2020-03-03
1501,伊朗,175,1260,66,0,2020-03-02
978,伊朗,175,749,54,0,2020-03-01
593,伊朗,123,427,43,0,2020-02-29
270,伊朗,49,195,26,0,2020-02-28
245,伊朗,49,170,26,0,2020-02-27
139,伊朗,0,120,19,0,2020-02-26
95,伊朗,0,79,16,0,2020-02-25
61,伊朗,0,49,12,0,2020-02-24
43,伊朗,0,35,8,0,2020-02-23
28,伊朗,0,23,5,0,2020-02-22
18,伊朗,0,14,4,0,2020-02-21
2,伊朗,0,0,2,0,2020-02-20
7,芬兰,1,6,0,0,2020-03-05
6,芬兰,1,5,0,0,2020-03-04
6,芬兰,1,5,0,0,2020-03-03
6,芬兰,1,5,0,0,2020-03-02
3,芬兰,1,2,0,0,2020-03-01
3,芬兰,1,2,0,0,2020-02-29
2,芬兰,1,1,0,0,2020-02-28
2,芬兰,1,1,0,0,2020-02-27
1,芬兰,1,0,0,0,2020-02-26
1,芬兰,1,0,0,0,2020-02-16
1,芬兰,1,0,0,0,2020-02-15
1,芬兰,1,0,0,0,2020-02-14
1,芬兰,1,0,0,0,2020-02-13
1,芬兰,1,0,0,0,2020-02-12
1,芬兰,0,0,0,0,2020-02-11
1,芬兰,0,0,0,0,2020-02-10
1,芬兰,0,0,0,0,2020-02-01
1,芬兰,0,0,0,0,2020-01-30
331,日本,46,279,6,0,2020-03-05
304,日本,46,252,6,0,2020-03-04
289,日本,41,242,6,0,2020-03-03
274,日本,41,227,6,0,2020-03-02
250,日本,41,204,5,0,2020-03-01
240,日本,22,213,5,0,2020-02-29
226,日本,22,200,4,0,2020-02-28
189,日本,22,164,3,0,2020-02-27
178,日本,22,154,2,0,2020-02-26
170,日本,22,147,1,0,2020-02-25
159,日本,22,136,1,0,2020-02-24
135,日本,22,112,1,0,2020-02-23
122,日本,22,99,1,0,2020-02-22
105,日本,22,82,1,0,2020-02-21
84,日本,12,71,1,0,2020-02-20
84,日本,12,71,1,0,2020-02-19
74,日本,12,61,1,0,2020-02-18
62,日本,12,49,1,0,2020-02-17
62,日本,12,49,1,0,2020-02-16
326,日本,12,313,1,0,2020-02-15
253,日本,9,243,1,0,2020-02-14
247,日本,9,237,1,0,2020-02-13
203,日本,9,0,0,0,2020-02-12
161,日本,9,0,0,0,2020-02-11
156,日本,4,0,0,0,2020-02-10
89,日本,1,0,0,0,2020-02-08
86,日本,1,0,0,0,2020-02-07
45,日本,1,0,0,0,2020-02-06
35,日本,1,0,0,0,2020-02-05
20,日本,1,0,0,0,2020-02-01
15,日本,1,0,0,0,2020-01-31
11,日本,1,0,0,0,2020-01-30
7,日本,1,0,0,0,2020-01-28
4,日本,1,0,0,0,2020-01-27
1,尼泊尔,1,0,0,0,2020-03-05
1,尼泊尔,1,0,0,0,2020-03-03
1,尼泊尔,1,0,0,0,2020-03-02
1,尼泊尔,1,0,0,0,2020-03-01
1,尼泊尔,1,0,0,0,2020-02-29
1,尼泊尔,1,0,0,0,2020-02-26
1,尼泊尔,1,0,0,0,2020-02-22
1,尼泊尔,1,0,0,0,2020-02-21
1,尼泊尔,1,0,0,0,2020-02-20
1,尼泊尔,1,0,0,0,2020-02-19
1,尼泊尔,0,1,0,0,2020-02-16
1,尼泊尔,0,1,0,0,2020-02-15
1,尼泊尔,0,1,0,0,2020-02-14
1,尼泊尔,0,1,0,0,2020-02-13
1,尼泊尔,0,0,0,0,2020-02-12
1,尼泊尔,0,0,0,0,2020-02-11
1,尼泊尔,0,0,0,0,2020-02-10
1,尼泊尔,0,0,0,0,2020-02-01
1,尼泊尔,0,0,0,0,2020-01-27
1,突尼斯,0,1,0,0,2020-03-05
1,突尼斯,0,1,0,0,2020-03-04
24,奥地利,0,24,0,0,2020-03-05
24,奥地利,0,24,0,0,2020-03-04
14,奥地利,0,14,0,0,2020-03-03
14,奥地利,0,14,0,0,2020-03-02
10,奥地利,0,10,0,0,2020-03-01
5,奥地利,0,5,0,0,2020-02-29
5,奥地利,0,5,0,0,2020-02-28
3,奥地利,0,3,0,0,2020-02-27
2,奥地利,0,2,0,0,2020-02-26
16,越南,16,0,0,0,2020-03-05
16,越南,16,0,0,0,2020-03-03
16,越南,16,0,0,0,2020-03-02
16,越南,16,0,0,0,2020-03-01
16,越南,16,0,0,0,2020-02-29
16,越南,16,0,0,0,2020-02-28
16,越南,16,0,0,0,2020-02-27
16,越南,16,0,0,0,2020-02-26
16,越南,16,0,0,0,2020-02-25
16,越南,14,2,0,0,2020-02-23
16,越南,14,2,0,0,2020-02-22
16,越南,14,2,0,0,2020-02-21
16,越南,7,9,0,0,2020-02-20
16,越南,7,9,0,0,2020-02-17
16,越南,7,9,0,0,2020-02-16
16,越南,7,9,0,0,2020-02-15
16,越南,7,9,0,0,2020-02-14
16,越南,3,13,0,0,2020-02-13
15,越南,3,0,0,0,2020-02-12
15,越南,1,0,0,0,2020-02-11
14,越南,1,0,0,0,2020-02-10
13,越南,1,0,0,0,2020-02-08
10,越南,1,0,0,0,2020-02-04
6,越南,1,0,0,0,2020-02-01
2,越南,0,0,0,0,2020-01-27
3,菲律宾,1,1,1,0,2020-03-05
3,菲律宾,1,1,1,0,2020-03-03
3,菲律宾,1,1,1,0,2020-03-02
3,菲律宾,1,1,1,0,2020-03-01
3,菲律宾,1,1,1,0,2020-02-29
3,菲律宾,1,1,1,0,2020-02-26
3,菲律宾,1,1,1,0,2020-02-16
3,菲律宾,1,1,1,0,2020-02-15
3,菲律宾,1,1,1,0,2020-02-14
3,菲律宾,1,1,1,0,2020-02-13
3,菲律宾,1,0,1,0,2020-02-12
3,菲律宾,0,0,1,0,2020-02-11
3,菲律宾,0,0,1,0,2020-02-10
3,菲律宾,0,0,1,0,2020-02-08
2,菲律宾,0,0,1,0,2020-02-02
1,菲律宾,0,0,0,0,2020-02-01
344,德国,14,330,0,0,2020-03-05
240,德国,14,226,0,0,2020-03-04
196,德国,14,182,0,0,2020-03-03
130,德国,14,116,0,0,2020-03-02
117,德国,14,103,0,0,2020-03-01
66,德国,14,52,0,0,2020-02-29
48,德国,14,34,0,0,2020-02-28
27,德国,14,13,0,0,2020-02-27
19,德国,14,5,0,0,2020-02-26
16,德国,14,2,0,0,2020-02-25
16,德国,14,2,0,0,2020-02-24
16,德国,7,9,0,0,2020-02-23
16,德国,7,9,0,0,2020-02-22
16,德国,7,9,0,0,2020-02-21
16,德国,1,15,0,0,2020-02-20
16,德国,1,15,0,0,2020-02-17
16,德国,1,15,0,0,2020-02-16
16,德国,1,15,0,0,2020-02-15
16,德国,1,15,0,0,2020-02-14
16,德国,1,15,0,0,2020-02-13
16,德国,0,0,0,0,2020-02-12
14,德国,0,0,0,0,2020-02-11
14,德国,0,0,0,0,2020-02-10
14,德国,0,0,0,0,2020-02-08
12,德国,0,0,0,0,2020-02-04
10,德国,0,0,0,0,2020-02-02
1,德国,0,0,0,0,2020-02-01
5,德国,0,0,0,0,2020-01-31
4,德国,0,0,0,0,2020-01-29
1,德国,0,0,0,0,2020-01-28
15,黎巴嫩,1,14,0,0,2020-03-05
10,黎巴嫩,0,10,0,0,2020-03-04
10,黎巴嫩,0,10,0,0,2020-03-03
3,黎巴嫩,0,3,0,0,2020-03-02
3,黎巴嫩,0,3,0,0,2020-03-01
3,黎巴嫩,0,3,0,0,2020-02-29
3,黎巴嫩,0,3,0,0,2020-02-28
3,黎巴嫩,0,3,0,0,2020-02-27
1,黎巴嫩,0,1,0,0,2020-02-26
1,黎巴嫩,0,1,0,0,2020-02-25
1,黎巴嫩,0,1,0,0,2020-02-24
1,黎巴嫩,0,1,0,0,2020-02-23
1,黎巴嫩,0,1,0,0,2020-02-22
1,约旦,0,1,0,0,2020-03-05
1,约旦,0,1,0,0,2020-03-04
1,约旦,0,1,0,0,2020-03-03
56,挪威,0,56,0,0,2020-03-05
33,挪威,0,33,0,0,2020-03-04
32,挪威,0,32,0,0,2020-03-03
19,挪威,0,19,0,0,2020-03-02
17,挪威,0,17,0,0,2020-03-01
7,挪威,0,7,0,0,2020-02-29
4,挪威,0,4,0,0,2020-02-28
1,挪威,0,1,0,0,2020-02-27
3,阿塞拜疆,0,3,0,0,2020-03-05
3,阿塞拜疆,0,3,0,0,2020-03-03
3,阿塞拜疆,0,3,0,0,2020-03-02
3,阿塞拜疆,0,3,0,0,2020-03-01
1,阿塞拜疆,0,1,0,0,2020-02-29
1,斯洛文尼亚,0,1,0,0,2020-03-05
20,英国（含北爱尔兰）,8,12,0,0,2020-02-29
16,英国（含北爱尔兰）,8,8,0,0,2020-02-28
1,亚美尼亚,0,1,0,0,2020-03-05
1,亚美尼亚,0,1,0,0,2020-03-04
1,亚美尼亚,0,1,0,0,2020-03-03
1,亚美尼亚,0,1,0,0,2020-03-02
1,亚美尼亚,0,1,0,0,2020-03-01
3,巴西,0,3,0,0,2020-03-05
2,巴西,0,2,0,0,2020-03-03
2,巴西,0,2,0,0,2020-03-02
2,巴西,0,2,0,0,2020-03-01
1,巴西,0,1,0,0,2020-02-29
1,巴西,0,1,0,0,2020-02-28
1,巴西,0,1,0,0,2020-02-27
8,阿尔及利亚,0,8,0,0,2020-03-05
1,阿尔及利亚,0,1,0,0,2020-03-03
1,阿尔及利亚,0,1,0,0,2020-03-02
1,阿尔及利亚,0,1,0,0,2020-03-01
1,阿尔及利亚,0,1,0,0,2020-02-29
1,阿尔及利亚,0,1,0,0,2020-02-28
1,阿尔及利亚,0,1,0,0,2020-02-27
1,阿尔及利亚,0,1,0,0,2020-02-26
153,美国,3,139,11,0,2020-03-05
122,美国,3,110,9,0,2020-03-04
100,美国,3,91,6,0,2020-03-03
77,美国,3,73,1,0,2020-03-02
63,美国,3,59,1,0,2020-03-01
63,美国,3,60,0,0,2020-02-29
60,美国,3,57,0,0,2020-02-28
60,美国,3,57,0,0,2020-02-27
57,美国,3,54,0,0,2020-02-26
53,美国,3,50,0,0,2020-02-25
35,美国,3,32,0,0,2020-02-24
35,美国,3,32,0,0,2020-02-23
35,美国,3,32,0,0,2020-02-22
15,美国,3,12,0,0,2020-02-20
15,美国,3,12,0,0,2020-02-17
15,美国,3,12,0,0,2020-02-16
15,美国,3,12,0,0,2020-02-15
15,美国,3,12,0,0,2020-02-14
14,美国,3,11,0,0,2020-02-13
13,美国,3,0,0,0,2020-02-12
13,美国,0,0,0,0,2020-02-11
12,美国,0,0,0,0,2020-02-10
12,美国,0,0,0,0,2020-02-06
11,美国,0,0,0,0,2020-02-04
9,美国,0,0,0,0,2020-02-03
8,美国,0,0,0,0,2020-02-02
6,美国,0,0,0,0,2020-02-01
6,美国,0,0,0,0,2020-01-31
5,美国,0,0,0,0,2020-01-27
3,智利,0,3,0,0,2020-03-05
1,智利,0,1,0,0,2020-03-04
1,多米尼加,0,1,0,0,2020-03-05
1,多米尼加,0,1,0,0,2020-03-04
1,多米尼加,0,1,0,0,2020-03-03
1,多米尼加,0,1,0,0,2020-03-02
15,以色列,1,14,0,0,2020-03-05
10,以色列,1,9,0,0,2020-03-04
10,以色列,1,9,0,0,2020-03-03
10,以色列,1,9,0,0,2020-03-02
10,以色列,1,9,0,0,2020-03-01
9,以色列,1,8,0,0,2020-02-29
7,以色列,1,6,0,0,2020-02-28
7,以色列,1,6,0,0,2020-02-27
6,以色列,0,6,0,0,2020-02-26
6,以色列,0,6,0,0,2020-02-25
2,以色列,0,2,0,0,2020-02-24
1,以色列,0,1,0,0,2020-02-23
1,以色列,0,1,0,0,2020-02-22
2,匈牙利,0,2,0,0,2020-03-05
56,科威特,0,56,0,0,2020-03-05
56,科威特,0,56,0,0,2020-03-04
56,科威特,0,56,0,0,2020-03-03
46,科威特,0,46,0,0,2020-03-02
46,科威特,0,46,0,0,2020-03-01
43,科威特,0,43,0,0,2020-02-29
43,科威特,0,43,0,0,2020-02-28
43,科威特,0,43,0,0,2020-02-27
25,科威特,0,25,0,0,2020-02-26
8,科威特,0,8,0,0,2020-02-25
1,科威特,0,1,0,0,2020-02-24
